ZCTA,IP_COV_DEMAND,e2sfca_90min_inpatient_beds_7_day_avg_interp,3sfca_90min_inpatient_beds_7_day_avg_interp
75001,42,1.2919003807699518,1.1337785960515487
75002,21,0.8212671915316914,1.3585229567549837
75006,46,1.1446856704996802,1.106592057226913
75007,37,1.1352378312921683,1.1336785499022846
75009,33,0.5084084355607879,0.6789921665768652
75010,29,1.061925089393693,1.146650233013272
75013,23,1.0157628281273061,1.514325019972542
75019,33,1.0973602385908812,0.903552901656896
75020,30,1.3574773103115176,2.6946625613450625
75021,20,1.0502731759217736,2.3171383487345083
75022,32,0.699932877811996,1.1368533349454881
75023,46,1.0738951918780537,1.5471776607722039
75024,43,1.1097408028846576,1.4218871986745594
75025,35,0.9859914741757992,1.3817796523012742
75028,22,0.841467766116737,1.218961410248895
75032,49,0.34010802430983467,0.6011678370303667
75034,34,0.9138234259675436,0.9515511733460479
75035,25,0.8969152291866679,1.4183648541543106
75038,33,1.1245824109985716,0.8364124557144107
75039,25,1.163231933124277,0.7911981238397531
75040,47,0.8429154343361426,1.2277418830474913
75041,65,0.8437911886160796,0.8794069529218403
75042,42,0.912711905006585,0.8118270708315806
75043,68,0.7743491252092428,0.741888522669053
75044,32,1.014511230803381,1.0920204829925775
75048,40,0.6727537281978778,0.7019212801943733
75050,52,1.129479061891049,0.7015137112607456
75051,63,0.9290209694665201,0.5767936435524089
75052,60,0.9123987754314167,0.6714462286823031
75054,92,0.6304449045817103,0.6666208350209377
75056,28,1.073585546624364,1.1203674525555851
75057,17,1.1558237617246008,1.1926370205140664
75058,30,0.4980118240831278,0.18503488664358148
75060,35,1.0481324794489038,0.7061372993364868
75061,33,1.1428874765253363,0.7955060758012612
75062,34,1.1508994921118874,0.7576126989884919
75063,11,1.1005563272147028,0.9131344835255328
75065,27,0.8912519995917546,1.3309606898009958
75067,27,1.0964228912267993,1.0466976328964424
75068,25,0.5901896167006266,0.6001733449104071
75069,19,0.9136896496021812,1.500055359245599
75070,37,0.8723371898163982,1.558961497429104
75071,34,0.776242637155305,1.5236625256856589
75074,41,1.01465060190873,1.2456547118188088
75075,55,1.1074663411545667,1.4751027208315703
75076,39,0.6806578086485496,0.9473564817682091
75077,19,0.8501336919036969,1.2555335528853402
75078,37,0.6194323139241154,0.7494895430756404
75080,57,1.135850486412728,1.1287360654756293
75081,41,1.1152562165193887,1.0886974273953385
75082,7,1.1190342162917728,1.2091488312188912
75087,42,0.42727336509199787,0.6868327864100008
75088,60,0.6449409374974698,0.7839794310699556
75089,55,0.7570391457757035,0.7899420077633518
75090,26,1.3980388345854766,1.6872434637684
75092,17,1.4033936281744035,1.5182169998324235
75093,38,1.1144721392273873,1.3493617207939201
75094,20,0.7543548785094584,1.230971433528341
75098,35,0.5299247206520944,0.8161868803045861
75102,5,0.07192478721624634,0.13189128026217414
75103,51,0.08651496720987913,0.08245447244753064
75104,84,0.7174418466230127,0.5433157745265453
75109,23,0.0997818557720535,0.12594307566823618
75110,15,0.17712043080153683,0.3391688781258342
75114,32,0.289210266050202,0.26100247228954226
75115,86,0.4786419185016113,0.3993112707915167
75116,97,0.7610449473517016,0.5534288461315512
75117,39,0.04919668307032106,0.05321788706571032
75119,38,0.23137686276506267,0.47016767184272157
75124,30,0.318898980841857,0.6645195180406354
75125,74,0.40981891627545786,0.3404454013646229
75126,55,0.43158803356146447,0.37241494805416353
75127,30,0.06762928995474547,0.07776087310826155
75134,72,0.6183580286280601,0.42384564369662314
75135,22,0.44564890132644863,0.44548428436027476
75137,71,0.7540948180245616,0.5046154107896723
75140,31,0.08388763654078132,0.08780473989344637
75141,73,0.7048718996380556,0.5009125271771212
75142,44,0.13613121560084923,0.4656958999635751
75143,50,0.04056062128636846,0.04785968931057412
75144,13,0.18248542434308893,0.12592794672829738
75146,83,0.5417799445225253,0.46100679446397325
75147,38,0.16882085770241603,0.31066767987747473
75148,19,0.36368045947843414,0.639362108249087
75149,74,0.8109292833051078,0.5662423552692731
75150,76,0.9156229522443983,0.9176016355442965
75152,41,0.23310117413600903,0.3617097066793145
75154,61,0.49383929132912174,0.4908926908455819
75155,25,0.14507548150111238,0.21637375443671297
75156,38,0.12795734451138097,0.04785968931057412
75158,12,0.048868111890657685,0.2309772449669229
75159,66,0.4552478978530914,0.4313029570185195
75160,45,0.20515208139875457,0.2419777451026857
75161,66,0.11676250665878697,0.16249709792619882
75163,21,0.23030348932681102,0.3779176055781207
75165,47,0.2925884889157074,0.6504684703771291
75166,33,0.34384235187060214,0.5475520452288029
75167,54,0.2637394956917371,0.7191321018187905
75169,38,0.046950246332766316,0.047641876459792856
75172,92,0.5293792011969505,0.3424123990485146
75173,54,0.23837713794685206,0.2946571588224425
75180,92,0.7553039290118226,0.5784253613245856
75181,61,0.5146420009522074,0.5299724126174927
75182,34,0.6089365422151658,0.6801457412484541
75189,51,0.3423921539485106,0.40269645478687394
75201,116,1.3119862807212634,0.9493101334363695
75202,43,1.3260869640155213,0.9512166592265585
75203,133,1.1576428920779376,0.9312457688417233
75204,101,1.307018939480691,0.9943908299210413
75205,110,1.2433045338553286,1.076609580972852
75206,83,1.210126270164581,1.0834127525214452
75207,116,1.2626613847516335,0.9576422702954401
75208,125,1.1205882546088768,0.9354609503562518
75209,76,1.1774721857752668,0.8896478962998188
75210,119,1.0225715081366615,0.8352023107094606
75211,112,1.004647455498734,0.650198834919517
75212,78,1.088685289459081,0.7720066900961305
75214,90,1.0394848604473397,1.0117772796287368
75215,143,1.0995415017035683,0.9716804477346861
75216,116,0.8845516358116381,0.6278346978960109
75217,113,0.7343277773453392,0.6753735149490591
75218,66,0.9544067168452349,0.9145602740012266
75219,117,1.2750779536152292,0.9341486920771951
75220,82,1.1509000986482358,0.8423328010950184
75223,134,1.0913247976320917,0.8984854109511025
75224,119,0.9962007512336448,0.6886822018778548
75225,65,1.2282605040987573,1.1091597018815695
75226,133,1.2438907526333296,0.9970201384324755
75227,103,0.8295944932342694,0.7553390281867958
75228,86,0.9042595770221233,0.91056514052712
75229,62,1.1666237852760055,0.9781659645137044
75230,59,1.2587025030249244,1.2442006593927226
75231,95,1.1155791903648016,1.0116015035551655
75232,96,0.8459699809968444,0.6947801260545977
75233,117,0.8912444857581011,0.6443815245842628
75234,41,1.279625375046217,0.9952074769209843
75235,135,1.2054556740536153,0.9315528257898276
75236,83,0.8221000930919167,0.5537348099784517
75237,92,0.8714780501156892,0.6563077696056357
75238,77,1.0956608989320076,0.901146736092991
75240,80,1.2885857883325467,1.259841219936563
75241,98,0.7502650867082402,0.6371055142969593
75243,79,1.1927919957109019,1.26516798732599
75244,92,1.3505516539783122,1.2059965115909632
75246,159,1.203739384713899,0.9948124435439742
75247,6,1.269487745452922,0.9710148423256938
75248,63,1.1850344593344793,1.1449962861457441
75249,86,0.8044822257061613,0.5171337869406213
75251,59,1.3489481168160635,1.215426525542982
75252,47,1.2475872946424145,1.35712959431936
75253,101,0.5751058365448829,0.4109243988451389
75254,39,1.259157654563157,1.1887804257186698
75287,37,1.2993657189563774,1.2774299909668225
75401,30,0.4964404188970241,1.003691555092122
75402,26,0.5111700205404024,0.9173537289111646
75407,26,0.5198749279526905,1.5545660782499273
75409,28,0.6983027744733268,0.7782792539342921
75410,31,0.18347366713121874,0.19666480613810122
75411,19,0.5327911507558605,0.5955093178523378
75414,21,0.9128228647996772,0.8455768711078437
75416,22,0.828449222156538,1.0054781055976367
75417,21,0.34216646993733973,0.06405880368775412
75418,20,0.6629656236850535,0.834575587862393
75420,19,0.37771241384486165,0.7523812738436182
75421,0,0.9409165681147971,1.0022217430868547
75422,13,0.4496819321451087,0.9419910780192015
75423,29,0.21754798633893524,0.4796570765057562
75424,21,0.2925373251908129,0.09327277188403447
75426,37,0.19333905575336557,0.08615828939584591
75428,23,0.43276339850165135,0.4189424562250115
75431,6,0.4685635345159936,0.4456419817789348
75432,13,0.664770209142044,0.8845047321359516
75433,36,0.5775744845000593,0.6674726348217991
75435,22,0.670401674061931,0.49846422373872445
75436,0,0.5790031927209496,0.5464388882771982
75437,5,0.3827436162343026,0.69996917751308
75438,0,0.5618637395744739,0.6028817266468354
75439,0,0.6923564667799477,0.3478749357040452
75440,47,0.17369068321221573,0.050468808057169065
75442,38,0.4250425599380377,0.7365140083958899
75446,17,0.5477930557451248,0.4284673357332006
75447,34,0.13920451194752836,0.3129171939737241
75449,0,0.1534145214485456,0.07454402428951978
75451,0,0.2963394026835824,0.08781176166185181
75452,25,0.25260006990401956,0.11745968154737685
75453,9,0.2502280998014228,0.4438065788569666
75454,30,0.6744954257453726,1.031187998888221
75455,22,1.0688249960960032,1.438163051637931
75457,29,0.9469080452232669,0.8980349889357273
75459,35,1.1504651360375682,1.353909664034341
75460,23,1.203588370039291,1.3540055680854104
75462,17,1.1390916667974214,1.3540055680854104
75468,19,0.5558989431873792,0.5464388882771982
75471,0,0.36629598199352903,0.32896870072071893
75472,25,0.14589784766177602,0.05020537197281164
75473,19,0.9220103743642585,1.0561204636100845
75474,53,0.1518367409987824,0.38719868612644853
75476,0,0.1815349588627409,0.3129171939737241
75479,21,1.0278115739225115,0.6836346546293023
75480,18,0.16625084173532748,0.020004253133379318
75482,10,0.9319082150068132,2.1662348777581792
75486,27,0.4079741112255667,0.5955093178523378
75487,30,0.3807719756704983,0.7857633849962727
75488,21,0.040484770853711764,0.044877802364725855
75489,21,0.7092151403454734,0.7611303699705164
75490,20,0.3972564893691597,0.2241411436545494
75491,35,0.46407278355661613,0.1258096615216927
75494,26,0.26262634331495144,0.05109533116917472
75495,22,0.8717790130021583,0.9305680593484169
75496,20,0.18405641669705738,0.07727762800954702
75497,22,0.4473068948341581,0.48507424063969773
75501,84,1.4385115054405222,1.4584599850162547
75503,87,1.5905490914343834,1.8196240703750977
75551,70,0.3590848432696158,0.07944304673155314
75554,64,0.097803703642393,0.08212914379727024
75555,109,0.0072429187724020235,0.0
75556,41,0.2108885974221513,0.07944304673155314
75558,0,0.8730393958046241,1.0323258962739197
75559,75,0.23965404103253926,0.0728324676256967
75560,0,0.12374947416700909,0.08607562646422827
75561,72,0.9065857000018082,0.691357516010128
75563,56,0.09887756310292477,0.07680787554260951
75567,98,0.6001788438580885,0.7130959194713221
75568,23,0.20673263443916892,0.06291659896691207
75569,94,1.5237090279317271,1.7950430151845447
75570,74,0.3810220510585179,0.0728324676256967
75571,19,0.41155238846807507,0.857877101507984
75572,87,0.5821451218524525,0.7130959194713221
75574,6,0.1532834194989836,0.0728324676256967
75601,16,1.2740278841894885,1.4925503365054795
75602,11,1.2661066301478439,1.4925503365054795
75603,18,0.7213809491176381,0.5476395683827512
75604,16,1.212055299717691,1.5044809715404082
75605,16,1.192149847964969,1.4925503365054795
75630,24,0.02084181336179647,0.069984821217822
75631,21,0.37792107475002845,0.39718177997488074
75633,16,0.4499343393428565,0.5347251074362804
75638,16,0.2856948211152385,0.12869424601147705
75639,4,0.20543687083233902,0.27613887403354037
75640,10,0.5216403585955296,0.6100662606259178
75643,26,0.2636209883725001,0.2546419592010931
75644,22,0.4060748163635366,0.07854634821136701
75645,23,0.9425470188959935,1.0462112771251943
75647,16,1.3895230545724317,1.3961601767868568
75650,12,0.7609099450030135,1.0910838309174282
75651,14,0.2792470567308629,0.02723829420652662
75652,21,0.6855329191976235,0.6815609867250763
75654,16,0.5252405543742125,0.6815609867250763
75656,13,0.11088286023873058,0.06796532914613344
75657,9,0.05635412367779502,0.06344793134615526
75661,2,0.010532407109784338,0.023485983252357772
75662,18,1.2387838268171067,0.919421162129916
75667,14,0.3441415367776347,0.34142744876660647
75668,14,0.24393857903093774,0.06796532914613344
75670,9,0.41625746123998936,0.20110666246456785
75672,8,0.2772288227811157,0.06114639803221562
75681,8,1.5339052156947472,1.330366762602292
75683,4,0.5186216621513041,0.5995382140876414
75684,28,0.5028467347710506,0.22484349599875267
75686,14,0.7613531160969437,0.8437740603366386
75691,13,0.4346055083769635,0.2867569776383125
75692,2,0.04759343065041174,0.06344793134615526
75693,13,1.2140579180263094,1.0676147830053127
75701,44,1.597614023627928,1.8902128636690243
75702,48,1.692977574721116,1.8902128636690243
75703,50,1.465385221123144,1.3163996828855873
75704,46,0.9647477179958713,1.1736176127723827
75705,36,1.3210788233388584,1.7675034733527688
75706,48,1.0409867836927171,1.152556231918898
75707,46,1.2280685907578712,1.1311246736809826
75708,36,1.1715305141419896,1.7675034733527688
75709,51,1.2203764756800375,1.1736176127723827
75750,47,0.9247979854380124,0.4670485267538587
75751,25,0.5116870438729577,0.8903638865799006
75752,18,0.563096804878265,0.8755040301534869
75754,48,0.2848664652173277,0.1005522934656488
75755,19,0.6756186431382777,1.3899724619149387
75756,36,0.7219483838894909,0.5041040995230889
75757,45,0.6336555328551309,0.4853971438314903
75758,42,0.8346502409709063,0.4880392045963707
75760,22,0.19019579648261412,0.15333434586285222
75762,50,0.8948133634504767,0.40495146920362507
75763,48,0.6579271452657461,0.3084968596278849
75765,37,0.3627398853273809,0.08095092501820624
75766,32,0.636894672385091,0.873743096698422
75770,31,0.20989935131694873,0.28576647594049936
75771,43,0.9447118316063027,0.7947755261084004
75773,36,0.39208680492962683,0.18594925214241295
75778,54,0.5042489087926595,0.3072005569317678
75783,26,0.30818013433928165,0.21427355813935833
75784,0,0.2283100004144237,0.13213491631999733
75785,27,0.32506550499276654,0.5866686554776427
75789,38,0.5916668424609218,0.5021240299232772
75790,45,0.3262286248254703,0.08868414419652436
75791,42,1.0545195703633325,1.1853894490249013
75792,40,1.5199704506996676,1.861675741843209
75801,27,0.5014689530809994,0.6775209814337255
75803,24,0.44561655564687525,0.4684634974512742
75831,48,0.08419552560192667,0.03973830716175772
75833,9,0.005391404837385647,0.001763477699571136
75835,17,0.0698514750516832,0.003272586726334837
75839,34,0.39947326286042,0.4883820096612362
75840,22,0.1160875916445013,0.10978706482656318
75844,22,0.16765704746328114,0.1604553047914955
75845,20,0.05161936278667358,0.03193750704753534
75846,0,0.023684085495993372,0.013735804308161285
75847,12,0.0577229759274927,0.0046399929030922875
75851,61,0.00827066064906695,0.0075850494604365335
75852,18,0.032522564134626716,0.0020731371627223496
75853,0,0.13577247720948088,0.04533427927232885
75855,53,0.2287066310706356,0.24096520477720393
75859,45,0.034638409595658996,0.012678977843660838
75860,29,0.13120015260882967,0.09818657272575781
75861,19,0.16658783258662263,0.2942477901161199
75862,45,0.055621288152563494,0.04229108160112703
75901,16,1.215736629206223,0.6218100259297585
75904,21,0.9614304195965379,0.4095623876450762
75925,34,0.41878298226917965,0.17146680018833507
75926,17,0.17224730181269857,0.16709681120059627
75928,15,0.0034287350412327074,0.02369136198769498
75929,0,0.0042448215568962775,0.0
75930,20,0.05299342575936998,0.0021122802244534326
75931,3,0.12475827333563629,0.09567080315800373
75932,32,0.0340748766336907,0.02369136198769498
75933,62,0.010635417429764735,0.02369136198769498
75935,24,0.1643741936678736,0.04272376860321719
75936,0,0.10628305413583262,0.01312080695650019
75937,17,0.31169715777519186,0.09653295268063605
75938,63,0.0534962229755776,0.006108171805024973
75939,22,0.6178200266802417,0.39706335902954126
75941,19,0.608158696156974,0.3047836885742442
75943,0,0.8476118792956718,0.09555811746671629
75944,31,0.24753523494477453,0.03867456927745673
75946,18,1.736102815229457,3.0178953522912972
75948,10,0.003415804942048096,0.0012627375678720676
75949,16,0.31189806886957994,0.16709681120059627
75951,20,0.2227061608237259,0.47980192584340825
75954,28,0.05120356555763524,0.015381740993910738
75956,36,0.09758824878794593,0.17390918231324756
75959,0,0.0009171633569742491,0.0
75960,0,0.9219269190054545,1.4116595392745765
75961,25,2.6597646440298304,3.821591611839521
75964,19,2.7295381329977846,3.235654227083382
75965,24,2.853396867447093,4.669867991950718
75966,39,0.09811579943966867,0.19134160631600747
75968,0,0.06498651463877994,0.0012627375678720676
75969,28,0.7452822902204804,0.15943957803045777
75972,12,0.06976484924840277,0.020503395625956836
75973,31,0.00046789670036315146,0.0
75974,27,0.43780022577423966,0.25068935021055583
75975,13,0.8114015777898962,0.10028815956743507
75976,22,0.749960452121469,0.15943957803045777
75979,135,0.12849687045232755,0.00493382100478878
75980,15,0.11235744002511819,0.08612701115307303
76001,65,0.7422111058373159,0.6994680915843482
76002,69,0.7151795240746803,0.794970363222768
76006,53,1.001153587844289,0.7554124142829404
76008,72,0.5241346985067462,0.6015970096391068
76009,47,0.4034306797027356,0.3374048612699565
76010,57,0.9906437441677728,0.8120979039541808
76011,38,1.1735479777080093,0.7519713237901807
76012,51,1.1045028645805421,0.9180874952097094
76013,53,0.9688125101559867,0.8124351300030604
76014,62,0.9034033696352541,0.7830450377932443
76015,68,0.9180685469160722,0.8416442196331643
76016,66,0.9737981997790645,0.9899549947552639
76017,60,0.8934616058969015,0.8020483074430044
76018,63,0.8911303664619994,0.73096023710213
76020,60,0.3661667320998601,0.6745500167894952
76021,43,1.0919056603651511,0.824891516849199
76022,38,1.056073553820139,0.7929723594333468
76023,3,0.05154049777514487,0.08266786995536676
76028,59,0.7503147965266915,1.4008141212527982
76031,37,0.28332607063679716,0.5165398840196445
76033,32,0.3193482916509353,0.47552494613289803
76034,54,0.9470340321154894,0.8321352377769392
76035,12,0.07894935865844585,0.08207263345859064
76036,50,0.6574717102851648,0.7956632878010549
76039,45,1.0512305056056146,0.8539728756096802
76040,45,1.0786914929029094,0.9090840248035433
76043,38,0.3015048888016174,0.4073929465186201
76044,42,0.3318951668997562,0.2958127349669799
76048,28,0.34450479680691504,0.7522594063479556
76049,40,0.25802218241689806,0.5473427755794621
76050,29,0.1543423981303474,0.0802532449915337
76051,46,1.102842227273821,0.8088019870304156
76052,42,0.5217235323499301,0.551304965288556
76053,34,1.012220813925785,0.9447176539507806
76054,37,1.0456796895737928,0.7862019759763976
76055,32,0.1153037225953478,0.1359719539289531
76058,55,0.43913938625312937,0.5949051249713647
76059,32,0.3319153780225659,0.473229080318563
76060,66,0.9270813632232326,0.929417340633793
76063,57,0.7157987642211734,0.7527494562645147
76064,68,0.11252733671450965,0.3229674464938742
76065,64,0.48530025992139275,0.473791504612138
76066,37,0.4081454856016836,0.3100479941882072
76067,28,0.8662547521029668,1.282029509247741
76070,0,0.2220258124422945,0.33031465310208086
76071,35,0.30447018528416236,0.21099747025281035
76073,9,0.007737189053183514,0.027538136126966394
76078,18,0.18337468519207395,0.206848415521199
76082,48,0.208733982009696,0.208498983126938
76084,60,0.35031190295005415,0.328934463695448
76085,51,0.10075628001517255,0.18550084894062746
76086,51,0.5658840111513352,0.40703665748166357
76087,77,0.268718224151864,0.3085333225890655
76088,97,0.22307062919062137,0.38883070948636805
76092,48,0.7661295542011027,0.7771542025158455
76093,18,0.10093043844961527,0.23087059651511418
76102,76,1.2193042643547602,1.3457023452612162
76103,57,1.1352980584542576,1.2228796513371512
76104,28,1.1893441734819474,1.317659736204931
76105,70,1.0542138427154706,1.1413015185426363
76106,73,0.9621483344958178,0.92464152809195
76107,78,1.0587335625686716,1.299290574308588
76108,72,0.831012060484594,1.0503378850177445
76109,76,0.9866971547760414,1.3089379600221471
76110,82,1.1103809904067083,1.3865486485336576
76111,83,1.111446810959747,1.2175144596878709
76112,81,1.1468300964282503,1.0045924479865245
76114,91,0.9342662146886329,0.9960080796811729
76115,55,1.1013625910210867,1.3437122436066942
76116,64,0.9874749736481121,0.938184998843498
76117,64,1.0556004683585904,0.9917404676001468
76118,37,0.9785873036667221,0.8786280012482885
76119,67,1.0585294254806106,1.0798916152104792
76120,69,1.1169925473076103,1.0879103685969767
76123,56,0.7826553380635833,1.2193876087291087
76126,61,0.7576045681111007,1.1765498970894277
76131,44,0.8210215808028984,1.0337565153458028
76132,52,0.9834997801520103,1.101890678129845
76133,57,0.9161271798006717,1.1903918758101089
76134,78,0.9813195744715622,0.9947366212155399
76135,108,0.7079888290706903,1.0479994194813635
76137,36,0.9091173847482584,0.9810403207098997
76140,57,0.9148299132766028,1.0486887853723588
76148,55,0.8342071666770279,0.7019741851312722
76155,31,1.121441394161903,0.9062979198729636
76164,79,1.0223203515164703,1.3073838836079799
76177,32,0.8175977086888699,0.7055259691078238
76179,41,0.610793271380184,0.5966845225111971
76180,36,1.0143325498503137,0.9575647826879389
76182,43,0.8314318283336154,0.7705984328738564
76201,30,0.6482715522289222,1.3804214137937951
76205,32,0.7503086815436975,1.5273788034648856
76207,29,0.611443234101467,1.3018021389283225
76208,28,0.5879428164452442,1.5918312966505475
76209,31,0.5784334148045809,1.2541631447317114
76210,34,0.7013111276877902,1.6109703968771762
76225,0,0.03917792448135087,0.06044653685412192
76226,26,0.5227020649154591,0.9983926812139049
76227,30,0.4208927484175556,0.5188159583234532
76228,0,0.045915090996145554,0.033192503785555126
76230,22,0.12458135241879147,0.03826366220525833
76233,26,0.31160595721034334,0.09820759633872768
76234,17,0.12023656431098677,0.09437991712915883
76239,0,0.027929262659052448,0.0406294159698003
76240,20,0.39700557331838054,0.7152215161689572
76244,43,0.6619561076913473,0.6219671648877148
76245,17,0.26261578984723016,0.09768080447378963
76247,31,0.31971807508946265,0.26630978364085456
76248,32,0.668918385343715,0.7192105347546314
76249,25,0.37697136574846324,1.2222152276143456
76250,0,0.37210139512823537,0.7524256346597947
76252,32,0.28927107149741627,0.5120576551607298
76255,8,0.34016648690389495,0.7634287805668408
76258,27,0.13819509065053986,0.10445285880188217
76259,32,0.21857722896465603,0.570650894426816
76262,41,0.7567298401119215,0.6875610077230437
76264,21,0.4952498349401749,0.24298774185477337
76265,28,0.3096848191193126,0.5119810332683159
76266,30,0.41055388525157865,0.802246035045731
76270,0,0.061573128370697866,0.06756174373211421
76271,39,0.1634895566539649,0.0881836638372203
76272,15,0.2376350308160107,0.5253666317969848
76273,23,0.6719635262225037,0.8267494485004275
76301,40,1.103359391648592,1.040034234669709
76302,30,0.9989281025908666,1.0746472930422108
76305,32,0.8033369040090667,1.0410265637911718
76306,38,1.034728125005218,1.0982712558233505
76308,35,0.9981216520608894,1.0573108468057806
76309,37,1.057883336662546,1.0573108468057806
76310,42,0.937670702376687,0.8671960072872281
76311,0,0.9073206435753782,0.8915611709640692
76351,38,0.17485772573116806,0.009904962933313338
76354,36,0.6748213275049644,1.0410265637911718
76360,38,0.6000618943379129,0.061947766884824035
76365,33,0.44665267399160297,0.22465385077910857
76366,0,0.4506773786178132,0.4581117175537557
76367,39,0.8972072191713045,0.8915611709640692
76371,38,0.2365886222087068,0.009696616854924811
76374,32,0.037352687503477984,0.004362922345067407
76377,0,0.40516781237571475,0.2744055190203189
76380,14,1.0746251239696776,1.9598144174018353
76384,15,1.3299911432925202,3.1046843525512244
76389,38,0.3153046925171154,0.021421447613713368
76401,28,0.429157313974902,0.5160628955286071
76424,30,3.674368799143308,4.378570362032
76426,8,0.034490986562516965,0.06298072265829144
76430,0,0.6632235329440987,0.1210346835172919
76431,80,0.024287794446102802,0.06298072265829144
76432,0,0.1783735855013792,0.00532327419430229
76433,0,0.2411530337397314,0.3663719886763427
76437,7,0.540278932027961,0.29078671068220246
76442,24,0.6252155811809885,1.439899180457587
76443,0,0.03825592054148142,0.00457678032408216
76444,4,0.5806032947866647,1.5929952913620506
76446,40,0.37690433510170224,0.3868378561008279
76448,5,0.6324448852748953,0.4104726924374653
76449,77,0.5398478870155996,0.935202736106189
76450,15,0.7123146132331203,0.010767691993143409
76453,60,0.10226358663113014,0.036751029485339634
76454,68,0.32328327210708613,0.14659876393798657
76457,35,0.35548948077674336,0.20488576423255117
76458,41,0.2560751107112126,0.32072622176559146
76462,0,0.14999968158464747,0.041105706226466615
76470,39,0.4360611423819909,0.28671179684080955
76471,0,0.05171795414120274,0.024903823187005337
76472,20,0.3726868808485973,0.4180489900024789
76476,5,0.34260191215195535,0.48574839453157004
76483,0,0.10495145070194996,0.07613917193260282
76484,0,0.2843766949850818,0.48726124242185787
76486,0,0.3218212873264228,0.3334122416472536
76487,80,0.08675008345520095,0.07974685591347638
76501,131,0.6500553586718305,0.47495064114995295
76502,130,0.715658616998312,0.8058744107350259
76504,135,0.7556980326720467,0.7119861298726926
76511,127,0.3783614917446441,0.18201118147506132
76513,124,0.47251331435471733,0.2118642672716064
76518,137,0.09085221027189626,0.03400525819184537
76520,131,0.05484074064695242,0.037952940304365815
76522,33,0.35419922553537,0.44793897930218296
76524,46,0.5556410943003482,0.3435918925322846
76525,66,0.25265231457033943,0.2612329298832351
76527,38,0.2356262710890166,0.09320639601865095
76528,58,0.28626623482143365,0.4271866864777369
76530,71,0.35900357778560577,0.5248116648644029
76531,13,0.31924885231726546,0.5231867387929923
76534,137,0.27685495307095204,0.33842344937114693
76537,30,0.6230257014595147,0.8813438514739182
76538,0,0.2941609363308168,0.35087261553163285
76539,49,0.19991875146587412,0.18494142995043436
76541,68,0.5407217701331879,0.7369166862074296
76542,51,0.4838165232935223,0.5912984201245854
76543,50,0.4964560222931225,0.6024488552490856
76544,7,0.46067506717298523,0.7916720695511523
76548,37,0.5459417131871691,0.5515159182961553
76549,33,0.4881411606650404,0.784194069826992
76550,18,0.127007604672637,0.0090521003411366
76554,137,0.5872101527311698,0.5736222564293098
76556,41,0.049394779796622004,0.17861078643059972
76557,137,0.33375341630872923,0.330226331360581
76559,111,0.6324914481717001,0.4926577301077713
76561,0,0.22533840512591294,0.1409483134022171
76567,80,0.08285428823430521,0.13440663397249578
76569,117,0.38571382206759447,0.7925164091020386
76570,116,0.08085639464901422,0.03579008579774774
76571,88,0.4901156426908681,0.21434311713570373
76574,25,0.6014563509974801,0.9401810121401223
76577,26,0.1947403348697268,0.30493500983886657
76578,31,0.15899514872878362,0.33297259447857075
76579,130,0.6056750949708091,0.588541977556444
76621,0,0.1701693728733449,0.21379902055881878
76622,0,0.06514364648326297,0.03623654543695043
76624,27,0.18827140814775953,0.3049601402450252
76626,0,0.10465729890916196,0.25190993303339027
76627,0,0.03190925921630259,0.0340509197475051
76629,59,0.03876415216600665,0.030873650519194707
76630,95,0.2099504550690315,0.03579008579774774
76632,82,0.22481615858427356,0.29512091627143455
76633,50,0.13963954653940927,0.04354579890455093
76634,14,0.28133074612156367,0.781671814585893
76635,0,0.10306180354829478,0.0953463864394591
76636,23,0.04765247138039758,0.04020731547016426
76638,53,0.2609368649841427,0.2856606913365986
76639,30,0.07674012348186508,0.11165563424052803
76640,20,0.3191004970538472,0.24064377812106752
76641,0,0.04410135595124545,0.0401734680657258
76642,23,0.1131303686639867,0.11280453960794601
76643,19,0.5352613406317726,0.5389322325436003
76645,12,0.11357721270337187,0.2372802484142805
76648,35,0.10844252286725738,0.025154953497104594
76649,0,0.2563323262948531,0.33241921252436346
76651,50,0.13766324601728075,0.33195659511581577
76652,0,0.06263445595077358,0.0410342428811602
76653,16,0.03109435838205145,0.046310475778792055
76655,27,0.47428619565660124,0.6633012092844311
76656,137,0.20378689889688353,0.03579008579774774
76657,44,0.4687907718522493,0.4938483763260961
76661,47,0.08420393618624822,0.042948102957297285
76664,60,0.11944452129526056,0.02673243414793326
76665,21,0.25869815002202473,0.7098555430640561
76667,20,0.20456902192899917,0.29380876204249917
76670,0,0.11187220315948773,0.3385896815493464
76671,0,0.028895957811448526,0.028318080449549927
76673,0,0.12684433457392014,0.025154953497104594
76679,24,0.06517464018239502,0.12279848750915544
76682,27,0.2547367354988396,0.2738239243652923
76687,53,0.020688720153183855,0.013901469538479152
76689,13,0.4678957890335045,0.5707747356056818
76690,0,0.053165614412856436,0.04180987787345178
76691,6,0.16196150143006657,0.11337046110547293
76692,12,0.027712598018682352,0.0395613240192255
76693,43,0.1440979267646009,0.20096679447488552
76701,53,0.5318171828698935,0.8898593516208898
76704,16,0.47115005640744734,0.5384707637121786
76705,28,0.40461140335008855,0.551415481899779
76706,34,0.4580210925446717,0.551415481899779
76707,22,0.5097696175867662,0.551415481899779
76708,25,0.36001581694148616,0.551415481899779
76710,18,0.541631798429214,0.551415481899779
76711,35,0.5681061965925953,0.7863500131546185
76712,26,0.5269923740053042,0.551415481899779
76801,8,0.04932847352040046,0.002221565624913007
76802,36,0.125352237774073,0.0029898818866121437
76821,33,0.2261107636084201,0.005768614448295498
76823,21,0.02392881048868406,0.002441655049165473
76825,38,0.00024337637896682137,0.0
76834,30,0.11548989285902919,0.013411549568718022
76837,40,0.10258316508648693,0.054115097443533954
76844,68,0.030239033229693183,0.01035982899625161
76849,144,0.007832577091849124,0.06036856245944737
76853,14,0.008536942761306269,0.004997408794695472
76856,11,0.005078618502648202,0.019330481733483666
76857,0,0.005353504673934178,0.0
76859,32,0.0007927737539612237,0.0
76861,37,1.4872913711853395,1.7120074131606358
76875,0,0.4634617622994037,0.03607673162902264
76877,47,0.00031008860424717126,0.0
76878,0,0.021780641229579165,0.0
76901,39,1.5571667759169696,1.8141442190594237
76903,38,2.323160303621082,2.3752842078606444
76904,50,1.9500840657293437,1.8141442190594237
76905,45,2.1962586436181266,2.3752842078606444
76932,42,0.0003507298644828924,0.0
76933,40,0.4386436250541191,0.026739228907039104
76934,40,1.0034488495466456,0.971494844581538
76935,37,1.0028694839626235,0.971494844581538
76936,40,0.04632215211039309,0.10823019488706791
76941,0,0.5503862885942362,0.10823019488706791
76943,38,3.434466454538603e-06,0.0
76945,40,0.0418529432125854,0.054115097443533954
76950,35,0.0005235009012059843,0.0
76951,0,0.18407470509386487,0.1254640339613598
77002,87,1.3490576262076512,1.382484628806087
77003,103,1.2484642594067032,0.9141412546715917
77004,81,1.3181865189110937,1.2477667554369007
77005,83,1.3159110505291327,1.3488200741653578
77006,108,1.3252893798460113,1.3262728774548656
77007,72,1.2696812626053218,0.9944874510315647
77008,51,1.1760722635783636,0.952655974504453
77009,51,1.2646266940769577,0.9102341415416427
77011,76,1.1300994585967536,0.9143701969878604
77012,80,1.0866125618576852,0.897662544093387
77013,45,0.7137924515960788,0.5156856045024534
77014,45,0.7271230821050101,0.6359699265857648
77015,65,0.7010954698805197,0.5097258940545223
77016,71,0.9517749082485193,0.61178219686985
77017,53,0.9758923013085044,0.9113822007454245
77018,42,1.0669918506852631,0.642048640676322
77019,76,1.3283544800407603,1.3184373800060112
77020,65,1.1756010185471424,0.9769656587549079
77021,94,1.2351956855686885,1.2271229203752108
77022,61,1.1870415694776857,0.9091515847367633
77023,86,1.1868198852167584,0.9080432016083244
77024,77,0.9941416983219264,0.7563519767534727
77025,116,1.2375481931204206,1.3592799478647453
77026,58,1.200031929550204,0.9369575463116449
77027,102,1.2873641626287107,1.0417808950654166
77028,74,0.9072544581770317,0.529937852811954
77029,77,0.8771419307495701,0.7808050567218742
77030,126,1.3018988523679167,1.3494361469816356
77031,204,1.0340197979250199,0.985922208222118
77032,86,0.9196635201509771,0.732854387247233
77033,92,1.072435685130906,0.9101294295230092
77034,49,0.899789734497343,0.6975921786311613
77035,204,1.0686098310867633,1.0581041858045142
77036,267,1.1140045941664178,1.084167936393888
77037,68,1.0136859356750196,0.6308386805681558
77038,57,0.964386999474811,0.6310683499570064
77039,81,0.9102520730581953,0.6899916607431812
77040,50,0.8700009407415223,0.642395201709961
77041,68,0.6369078004174683,0.5170441442925401
77042,113,1.1231411421405535,1.0346555833914106
77043,88,0.9523855118813846,0.7581013278509443
77044,70,0.6032360692905168,0.4607403882628845
77045,103,0.9616387942470334,1.064066542499705
77046,42,1.3322925614034338,1.3107806178865506
77047,74,1.030295930664967,0.8785980166617577
77048,60,0.9047565308896779,0.8955859919430428
77049,60,0.579683402198213,0.48666723970460346
77050,96,0.7273466482335335,0.60941309400983
77051,86,1.1086268289187884,1.1805229142402052
77053,88,0.9919278920771056,0.9727014251780725
77054,123,1.3132019882681853,1.2963811315784348
77055,99,0.9474828116691979,0.7819812448860456
77056,167,1.268796536467993,1.087787316366081
77057,173,1.2011351250301503,1.0998727090108629
77058,48,0.5671331864953086,0.9281773379352458
77059,23,0.5306911730242646,0.6645176848434948
77060,46,1.0400737534162887,0.67859108213977
77061,68,0.9596926905786441,0.9132798825610428
77062,38,0.6290871263681854,0.8590901099070786
77063,171,1.111636369242174,1.1456064742820522
77064,49,0.8509329287968475,0.5002990921366316
77065,35,0.7294309541861935,0.6705604294356554
77066,54,0.7682247294617756,0.6278770483332237
77067,47,0.8424271407205893,0.5790642025821817
77068,38,0.7400815750914331,0.7255195085386038
77069,67,0.6791691419882733,0.6569389465069967
77070,54,0.6449659948524745,0.8095585443735221
77071,183,0.9955712106119164,1.023804166635876
77072,173,0.9990192155654843,0.8904300442846647
77073,45,0.8788505988249365,0.7261305747310394
77074,319,1.134372738723773,1.1372402775784287
77075,73,0.7267384892107517,0.617150514047789
77076,52,1.0618919208231608,0.7611550202522681
77077,98,0.7995000084522165,0.7145880806958368
77078,59,0.7623162689167562,0.5234772830000455
77079,78,0.8399727689607343,0.8234918341428015
77080,98,0.8714432447393035,0.6349143823415817
77081,273,1.2335845078193501,1.1446794899993435
77082,88,0.9383094714126446,0.7458743969799354
77083,87,0.7832656443796787,0.7482975787000649
77084,44,0.4974236887781764,0.6058402658143125
77085,163,0.8304699175065784,1.0246417468369566
77086,65,0.8488879776385282,0.6170129846517657
77087,87,1.1133958197749383,0.8950098462420509
77088,49,0.8855320844803513,0.6333853586704606
77089,48,0.7380692305893415,0.6483411519471588
77090,40,0.831024814091046,0.623280077243035
77091,58,0.9229662245605074,0.6633013496281485
77092,57,1.0381098363484813,0.7402561676264964
77093,65,1.0348124812895434,0.7925925125954081
77094,36,0.4703746040437333,0.688948385568928
77095,26,0.550756542077519,0.43518768494506643
77096,160,1.1551422245818286,1.1684785425304092
77098,97,1.3442796803819599,1.2740209257229262
77099,192,0.9531942077227719,0.9376922978274296
77301,41,0.6642523223271912,1.5060193097324235
77302,43,0.5663126051058166,1.233290734604663
77303,49,0.3202103015545834,0.7896759229442007
77304,37,0.6448343542744019,1.5285715209577022
77306,43,0.29187254306419885,0.6305252671606109
77316,26,0.32838329749462003,0.5677352178380272
77318,33,0.4275182633989805,1.2514674464804727
77320,34,0.23966928492492745,0.2883084796605355
77327,98,0.061248394719279564,0.08615841203460574
77328,59,0.13010258771291663,0.07837001619473748
77331,60,0.18857085300975945,0.06343662240169054
77335,30,0.908521885407434,1.3580244328754665
77336,94,0.16578794338486472,0.23001511961456048
77338,77,0.7397523595549446,0.9096379220192545
77339,88,0.5444980664072754,1.1449442492697888
77340,128,0.34317188344237487,0.4044537837328689
77345,85,0.38659531566646427,0.7728519328443968
77346,87,0.4519284244435133,0.8168220980659162
77351,36,1.223471506131217,1.776905730098377
77354,26,0.30546546250565015,0.5191370856324726
77355,56,0.14794687061192446,0.5119408783065118
77356,35,0.20546362006480262,0.6454533054387632
77357,98,0.47502851291237014,0.7734364107978251
77358,36,0.3048151439031082,0.13959097081769792
77359,0,0.31742305060578907,0.16600263138944127
77360,48,0.6157113495729164,0.7663640640490252
77362,34,0.44584735716342677,0.9733393046911043
77363,40,0.4354767359361993,0.055504084230873135
77364,32,0.4415491094836431,0.06343662240169054
77365,78,0.6611821198555761,1.1368689420108353
77371,82,0.5078587338034564,0.6696132974781405
77372,78,0.43011933033796157,0.986306584736565
77373,47,0.7182175335095842,0.6952054973035677
77375,45,0.5015865254058895,0.6681110995664225
77377,63,0.4853853524983436,0.6940013321813902
77378,38,0.3891372642994705,0.671726308433491
77379,38,0.5215466206485386,0.8321594944416234
77380,17,0.7300980781500147,0.8835093867896753
77381,32,0.696994883727513,1.133085303294936
77382,29,0.4305218412801356,0.8366108136701245
77384,24,0.7633125098517733,1.2616543876931985
77385,30,0.6491791834031206,1.3008035436739565
77386,31,0.7733845904412446,0.818420074643917
77388,37,0.6321304280110287,0.6167718245374135
77389,37,0.6264276913831278,0.8107446709729754
77396,83,0.6924914782682388,0.6425175701523043
77401,132,1.240360737902455,1.1304813685661057
77406,52,0.37325785552065666,0.4284832326142071
77407,72,0.6386782421420469,0.6534419634763848
77414,42,0.17379073118184432,0.21458869921068374
77417,66,0.08593357352428284,0.049582292962750726
77418,31,0.020624688161688443,0.01317891232624787
77419,6,0.10362037543213468,0.09746253520413621
77420,44,0.03639656809101372,0.03611468934054371
77422,88,0.03584163010584826,0.030707740118155462
77423,76,0.15916765788378873,0.2413021353237602
77426,125,0.057181492650202954,0.03431049115241746
77429,36,0.4953063391137721,0.677299950969446
77430,62,0.004801814743830436,0.03705172006083925
77433,34,0.3744517512057048,0.3400288056327959
77434,36,0.07627893750557696,0.040668142459171115
77435,104,0.04857804529675995,0.047403559273722785
77437,27,0.19823432657954776,0.334829659206401
77441,60,0.31883850518120266,0.288810197638861
77442,15,0.14317493613866206,0.09413590143609328
77444,0,0.018008313978597725,0.05398366164732333
77445,18,0.21830889002206008,0.04175902155730988
77447,44,0.21755430793601963,0.2990915845104189
77449,59,0.39243571953511425,0.4956192265320372
77450,65,0.49347591000855295,0.5284662511278558
77451,0,0.08808191495498144,0.04657536328025043
77455,9,0.17846601188876549,0.2089397837580678
77456,49,0.16530265269801742,0.20343497241198114
77459,68,0.6328389574324667,0.6520209336650383
77461,74,0.13918326738039608,0.2139300584009531
77465,45,0.03356435167206262,0.01729806644635898
77469,52,0.44023652214306375,0.67856712961889
77471,60,0.35074103978555504,0.6282430768587639
77474,41,0.09986905397150293,0.06173723789672497
77475,0,0.07765212962110973,0.01447099242071634
77477,91,0.9464570754793207,0.8016224832393599
77478,70,0.9467071367296697,0.8703128010532362
77479,62,0.6760691215225181,0.8145963009331951
77480,57,0.03492649220622744,0.008222709445110901
77482,42,0.14371421547260912,0.20271241398888895
77484,29,0.1308613905703172,0.06329243949813887
77485,28,0.065079136581637,0.047860157696182404
77486,68,0.049894494770559815,0.033899684698289
77488,50,0.1037088649544469,0.09425238589946064
77489,78,0.8873995464869091,0.8892490639962061
77493,69,0.3696821543081385,0.6894143083908285
77494,67,0.41223838938530566,0.4929678991117832
77498,74,0.7613931446857017,0.7742340397186411
77502,47,0.7185395981067456,0.5657644831979035
77503,51,0.7042052820099495,0.5484965910956029
77504,53,0.7329820375595739,0.652849424906078
77505,38,0.652527633439291,0.6941277906461006
77506,54,0.7940891167849513,0.540718935600422
77510,26,0.45079606119988613,0.36017746119037675
77511,47,0.30458360227752285,0.32010260234021903
77514,67,0.01179554447382361,0.025973240503860948
77515,44,0.0782056868465488,0.06439400298981227
77517,36,0.3111236897140296,0.31658135069871846
77518,43,0.543483159894596,0.6982102362339263
77519,0,0.011947768489657418,0.020479523574424105
77520,48,0.3378152363401239,0.4848378541670359
77521,52,0.27304347000747736,0.4828390686864046
77523,54,0.13280791540760617,0.3708416090702852
77530,52,0.5542104467908959,0.4777205988442792
77531,79,0.05102811874123558,0.08059287703164708
77532,55,0.24761779379377147,0.14500071940021256
77533,71,0.0417452548315992,0.016421670724852754
77534,40,0.04104376600246686,0.04438506958975899
77535,80,0.1193193597086464,0.04159247567502012
77536,45,0.5684746372625771,0.44765406594953755
77538,0,0.08171274467953193,0.01761739630076436
77539,43,0.6112228928141314,0.6806329611981792
77541,54,0.04756206198769822,0.0584855305242913
77545,48,0.5813021636081727,0.5535664167700225
77546,28,0.5459043499890038,0.5538989771408998
77547,54,0.841006227951924,0.5475165178466089
77550,116,1.1395293793029,1.918648217745573
77551,130,1.0732264071029758,1.7571323759563275
77554,99,0.5880430117122996,0.6444341735206932
77560,66,0.04579448322331787,0.03843532596745679
77562,61,0.3211980661286321,0.3027233564628191
77563,55,0.6346468749025025,0.42825387372165313
77564,49,0.003912667928267711,0.0
77565,41,0.5477317229649765,0.6767260584426223
77566,63,0.06337830580883294,0.08249336801508647
77568,47,0.6684912238078423,0.4514333562201102
77571,35,0.44198084765932155,0.45510941730119436
77573,28,0.632093987230914,0.953907031136276
77575,71,0.04221047881993342,0.017671782017954992
77577,4,0.05740036389977124,0.0584893111066212
77578,54,0.7037613488643261,0.620155666655037
77581,47,0.6113677539901795,0.4450963052608146
77583,73,0.4318266544261068,0.5049348012742334
77584,43,0.8118168247668722,0.9396113166299126
77585,0,0.020580355481101643,0.03278748542683185
77586,48,0.4670317348128382,0.7587308691733837
77587,51,0.8676636030759325,0.7088506818421161
77590,34,0.5953647399895923,0.45433646491577706
77591,28,0.6586332015038786,0.6792864424620051
77597,0,0.055533951262520885,0.0402957947114404
77598,42,0.6001709683258356,0.7859036505406585
77611,32,0.2062606034660193,0.03825206633130383
77612,42,0.09321399917789863,0.016907087311560817
77613,32,0.5699077107847615,0.7514799471561548
77616,42,0.013447619898306694,0.0209383576334628
77619,32,0.4258482316800595,0.4030489981171237
77622,60,0.32966517795270794,0.3955597620995539
77625,33,0.13207537855303553,0.015325152170888019
77627,35,0.5958822518909803,0.7603407438379512
77630,34,0.2647352441010994,0.3343658337916194
77632,30,0.21585757845625916,0.03825206633130383
77640,30,0.4902714934289683,0.4030489981171237
77642,32,0.4380597541166592,0.4030489981171237
77650,192,0.24216768367608824,0.11585571619800765
77651,40,0.5166842852102741,0.7427488120866411
77656,38,0.16044071156338865,0.015325152170888019
77657,51,0.5469083114861486,0.4314637423109818
77659,38,0.23621043216898707,0.015325152170888019
77660,27,0.018612812943830402,0.007897120662564995
77662,33,0.6232474178360904,0.694979145381263
77664,69,0.05976236832035363,0.01443030573913342
77665,42,0.30933122356641796,0.3872984443431236
77701,41,0.8561823191183173,0.9671378103955178
77702,40,0.8599403525802621,0.9102166325698637
77703,45,0.8148104737280223,0.9102166325698637
77705,38,0.5292486646607797,0.7427488120866411
77706,38,0.7623583257834141,0.7485576434720119
77707,36,0.829409925761035,0.9671378103955178
77708,38,0.7203415562301779,0.5986590914126397
77713,40,0.425845140289252,0.33709870632452144
77801,11,2.7397629476323795,3.5439024203281133
77802,14,2.904847820281008,4.096949248638763
77803,18,2.463993868171032,3.643663748514293
77807,5,2.1664275937613624,3.643663748514293
77808,16,2.167200786775582,3.643663748514293
77830,50,0.636928915073425,0.022215315951082143
77831,29,0.06698604805636246,0.03725651152163134
77833,21,0.05387512895176854,0.018969892506639337
77835,62,0.03405691236778717,0.004526889338890186
77836,23,0.6116531666177274,0.10207608825001166
77837,27,0.27999897883197394,0.23034622080088185
77840,20,3.0480132997486806,4.332510781107885
77845,26,3.2777633796571606,4.332510781107885
77853,0,0.10231929443695435,0.10207608825001166
77856,32,0.13642428273072688,0.23034622080088185
77857,0,0.2257087371839247,0.17147870345207045
77859,13,0.5704113569494809,0.15356414720058792
77861,41,0.5392019455654873,0.09668951799661465
77864,15,0.16235002521119887,0.017968848477246974
77865,42,0.005535983491989883,0.002645216549356704
77868,18,1.618017356099342,0.7685806843220376
77871,21,0.0465046850771172,0.15356414720058792
77872,21,0.43522990204346124,0.023285319701019585
77873,0,0.058273948604561886,0.12086189749576831
77879,20,0.8615917094905472,0.11517311040044093
77880,24,0.1810482079313863,0.038467360928974306
77901,58,1.3128046143418417,1.412409153592152
77904,59,1.2241747933237974,1.337122651821716
77905,59,1.0533694607384299,1.0449011679173676
77951,54,0.7670311560035874,0.5012110619710199
77954,35,0.5907608383799092,0.5692551265061435
77957,48,0.41746134100260524,0.3975263795195311
77962,51,0.1835028394892285,0.10522468739110495
77963,64,0.3609114580695884,0.0565669947080689
77964,38,0.23876916507550253,0.3396641982664696
77968,57,0.8765233687134473,1.156260418562138
77975,39,0.10461108904443743,0.0273044819642331
77979,35,0.4315760670796084,0.42116878856158163
77982,0,0.017196712561739755,0.02179396617844421
77983,43,0.038942082197827556,0.0760516264255738
77984,40,0.28013243185893744,0.23910682379722392
77990,0,0.12153070348308344,0.05678021243858167
77995,37,0.30780739650166633,0.3519968230985985
78002,104,0.22488159128313237,0.12382454428591341
78003,62,0.10547128741356902,0.05369847455149164
78006,109,0.2420880620805742,0.03398729542607671
78009,112,0.30992366455238984,0.03926191560451229
78010,2,0.39797066999200287,0.6775130081157088
78011,46,0.08408996032707461,0.15077745568986387
78013,97,0.3851420967757805,0.2364348052541233
78014,40,0.020725354133501024,0.01242721981473184
78015,180,0.5093648908564857,0.43747379065736147
78016,62,0.12836685745138743,0.07021467751204442
78017,88,0.07089568252652124,0.11154909214652152
78019,0,0.09652884495905399,0.0490801334657459
78022,14,0.2609798232439211,0.0809464068198232
78023,111,0.6486961445785179,0.8431592696370972
78024,42,0.11915452455846222,0.06036856245944737
78025,7,0.44716666992838894,0.9560106096540064
78026,69,0.14002452159953138,0.3761986356335121
78028,46,0.6397463918560852,1.2724625076595344
78039,124,0.3141437098228946,0.03577071609356638
78040,86,1.0243488555106972,1.07683915977664
78041,89,1.086017802317742,1.1241687712868464
78043,87,0.9036749303372986,0.8226765228544073
78045,82,0.9501370392851077,0.9166958102923264
78046,88,0.7621494764564418,0.7908965645724481
78052,77,0.22225203439832672,0.12382454428591341
78055,0,0.1553422916450321,0.06036856245944737
78056,75,0.19182136172177033,0.04712328717430466
78057,110,0.13929710617774507,0.13140787144542942
78058,0,0.0830528403433245,0.039849522096465514
78059,75,0.1430803889363866,0.03754570719855104
78061,46,0.12361042336243187,0.253476327786831
78063,179,0.029992301701531447,0.05788345024265159
78064,35,0.1612058719031231,0.3447748797832509
78065,41,0.13942094977293074,0.07758920794571263
78069,135,0.18249542997808582,0.11268038908768883
78070,40,0.19170522709868132,0.18482445511442713
78071,42,0.051068063010165324,0.0361223205747797
78073,93,0.28875825787920456,0.23107964211371293
78076,101,0.006385402058753076,0.0
78101,31,0.1551697716946011,0.06775763819659242
78102,22,0.7340351881406769,1.9315622695139516
78108,36,0.49411180737747473,0.4883364130870092
78109,34,0.6504979703146356,0.6773013805241799
78112,72,0.3118054574557762,0.22956492241004647
78113,35,0.022458586124986805,0.04287111482825117
78114,45,0.1604552294676704,0.1523800121856022
78118,60,0.08489291509913321,0.026910315570276684
78119,63,0.17960632241669436,0.003931036835832311
78121,31,0.08275126498971863,0.06084568084974258
78123,21,0.4090900431962169,1.1224053385647657
78124,42,0.37411518126368704,0.666990296931688
78130,18,0.6960646335394342,1.6689384787101518
78132,22,0.3922797609981512,1.1446972791617391
78133,11,0.03975293940476432,0.07629047466232455
78140,26,0.09378133381401152,0.043956066600453994
78147,115,0.06942854126502156,0.09793133375978573
78148,62,0.6514330508192694,0.713596802172995
78151,122,0.03735381334483725,0.011985301192104326
78152,11,0.23042320448863074,0.06241013390562706
78154,15,0.5335523619965683,0.4078451701924656
78155,24,0.5072576568556956,1.6916350186091755
78159,17,0.0928726094639003,0.03752639606648984
78160,51,0.05696636381634462,0.08335186062418456
78163,42,0.2809534068793317,0.1383684413969804
78164,46,0.12630293254398628,0.2633502380670694
78201,103,1.069610086500615,1.2318771947899712
78202,121,0.8993663422254771,1.0271351925444125
78203,110,0.8902341518715622,0.9327973943063801
78204,116,0.9237569152967532,1.034633670298601
78205,147,0.9736316390908901,0.9395194378521293
78207,127,0.9408926082428118,0.9395194378521293
78208,49,0.9470203096007027,1.0394018478774907
78209,66,0.8698390104827668,0.9893289003355911
78210,107,0.8267458701173981,0.6800149780423342
78211,100,0.7265841516254377,0.5896711900438502
78212,62,1.0140209449506101,0.9173719069203589
78213,80,1.0396394282426418,1.1179265663025781
78214,98,0.770866017070051,0.7087661565218071
78215,62,0.985213527755804,0.909726686089363
78216,81,0.9666017346261737,0.8644888230995761
78217,37,0.8300492880611076,0.9488034801965537
78218,35,0.8847372746269595,0.8661254732615001
78219,70,0.7485892115356153,0.5701315373356715
78220,128,0.7495470832200416,0.5665897418626853
78221,88,0.6136319705176071,0.6433283791717265
78222,89,0.5519591202988836,0.48327777065272026
78223,67,0.7322627092546665,0.5450211559295833
78224,93,0.6801660342588617,0.5896711900438502
78225,139,0.8559760155087419,0.9528799507181355
78226,145,0.8541289278588089,0.9635160248595159
78227,83,0.8071270772591276,0.8758579034553152
78228,113,1.018791529435552,0.9428246207384463
78229,143,1.0970789536787946,1.1674406245685855
78230,105,1.031936562624224,1.1439970105615926
78231,71,0.9339006392375976,0.8113993611297037
78232,78,0.7777986972610731,0.9848659398026275
78233,29,0.7492434695987081,0.6945428247793985
78235,0,0.6526461427885142,0.6490215844505155
78237,117,0.8864255854153891,0.8610676608746942
78238,126,1.006408309295667,1.2583584361745666
78239,23,0.7273297629634322,0.5744182875762708
78240,91,1.0304775184297517,1.1755098882176411
78242,79,0.6968683636322773,0.5620677064506421
78244,52,0.603788249248306,0.743018913544036
78245,84,0.6655717214654621,0.6140807239735006
78247,48,0.6341734808882697,0.47875291520490937
78248,71,0.8015361715673761,0.8489837191897558
78249,111,0.9030596568043159,0.8079324600267448
78250,74,0.7546656770300263,0.8199023908428181
78251,84,0.7779266039374086,0.8303627106836862
78252,70,0.6048447844499407,0.4144460459731366
78253,61,0.4367240227860707,0.4788459743134623
78254,104,0.5944217482415507,0.4210323600244876
78255,152,0.47712376831093145,0.4419026404610831
78256,120,0.7630139157732709,0.82054364158115
78257,133,0.8185477492974925,0.8163907410858271
78258,55,0.65277488027837,0.47123288504574856
78259,37,0.5819894457107684,0.5371575460449455
78260,93,0.39012138542908703,0.22193674582996897
78261,107,0.3410054885500179,0.3333217240745734
78263,146,0.28158233937074584,0.28365137162753445
78264,68,0.23360897106133124,0.13218614815103313
78266,30,0.3335198762077905,0.17131606068820418
78332,12,2.117875661033428,2.945171349111873
78336,9,1.28777232599617,0.6714145664631779
78339,0,1.988944218561267,0.9610846066578446
78341,5,0.2783604007283991,0.13625795615683822
78343,8,1.5637166093282122,1.7706515029700332
78351,0,1.7746317019772835,1.565150883974751
78355,14,0.19659038996055367,0.13625795615683822
78357,10,0.1710712806469218,0.15482728480386604
78358,0,0.38195622487174435,0.209967402455573
78359,0,2.5118189074276533,2.233245169144694
78361,32,0.0006850724895306694,0.0
78362,0,1.4970127194506424,2.4229656918449343
78363,13,1.956172190668953,2.5893414325456034
78368,9,0.5216597104014741,0.18045147171362694
78370,6,1.2912546372638278,0.5993647057166523
78372,8,0.7020347013497329,1.0260802600967758
78373,0,0.4071392969240054,0.209967402455573
78374,0,3.0295004908432808,3.8558027957597716
78375,9,0.5014284869133573,0.13625795615683822
78377,74,0.12830139736728985,0.13852987265899347
78379,11,0.549576610908117,0.11768862750981042
78380,11,2.4391903914485753,2.1174754378327427
78382,2,0.39400482675501775,0.209967402455573
78383,5,0.39908481181536154,0.18045147171362694
78384,18,1.1377577896425055,1.2622485453356054
78387,7,0.8195992435741523,0.18045147171362694
78389,7,0.6141161613494839,1.2314780879645617
78390,0,1.6761287164678846,2.342251241013699
78393,84,0.06142696866395656,0.08193726460254878
78401,0,4.173266715196968,5.097056629711921
78404,1,4.285826973934258,5.097056629711921
78405,1,4.122199318672391,5.040134077699811
78406,2,2.96623232724554,3.856287219023618
78407,0,3.6772380562845144,3.3773860547060233
78408,0,3.782877584977844,3.3773860547060233
78409,2,3.002292304533903,3.856287219023618
78410,10,2.3642255386695132,1.7486419376675753
78411,1,4.219101541829156,4.758999917509948
78412,3,3.8722755536371385,5.008176031649583
78413,5,3.671697925677441,3.1419338234793446
78414,3,3.426210424536043,3.2240668009858804
78415,1,4.010700214748524,4.7094233472708815
78416,0,3.9445776615314463,5.040134077699811
78417,3,3.70736258816019,3.4214575912233696
78418,2,2.5558165834220503,3.969787873696025
78501,116,0.8682508387924699,0.908620627596337
78503,93,0.8282576026800186,0.7870922472726822
78504,125,0.8160418315509471,0.999581429683107
78516,91,0.8079871315082875,0.700562054303826
78520,116,0.8957518286197109,1.1367750371671455
78521,121,0.8292238435659465,1.0351030068784506
78526,114,0.9004921041100454,0.9614938798310791
78537,100,0.7132248250231871,0.6843968605192529
78538,103,0.29968039891666526,0.2719529213841806
78539,158,0.8106700655161718,0.9493523159680312
78541,132,0.6304263425114335,0.6730039427817136
78542,144,0.6471143779378723,0.6948768536366423
78543,112,0.4478096737745624,0.48878962212048926
78545,0,0.07156829885516369,0.15737371079247225
78548,96,0.16159468554192355,0.11748129089068185
78549,149,0.18882382840615705,0.04294678949948616
78550,36,0.5717633707866536,0.6562776818830237
78552,42,0.6309738374929093,0.4792873567149431
78557,97,0.5658129169255668,0.5255826181048507
78558,148,0.5282134884710616,0.49129360393497756
78559,34,0.5727191487655758,0.5248148554777757
78560,119,0.4370369111323164,0.3763522836929303
78562,72,0.358905836790037,0.25471348252265735
78566,74,0.6835194257675764,0.6384604756850071
78569,20,0.17398854561250862,0.2536466200632306
78570,71,0.3665275266392441,0.3673368023745343
78572,119,0.6554147987266171,0.5873355197894633
78573,116,0.6563242615283913,0.7513994788859051
78574,115,0.5667293805403187,0.4268020557548661
78575,99,0.8252385162963755,0.8763172597330255
78576,114,0.27506577556530465,0.24467470895459245
78577,119,0.8388506964600038,0.752721431746583
78578,74,0.26076365809907504,0.053286314029675985
78580,23,0.09828691332024643,0.04705379605679454
78582,81,0.2024720368919453,0.2368928170101273
78583,25,0.18076477088200735,0.3221331551542522
78584,69,0.15771194894449758,0.2792977610287098
78586,42,0.7719721465919495,0.7962711202758198
78589,124,0.847255203285493,0.7451126527170515
78593,43,0.3528332786519142,0.2542288570620013
78595,74,0.24608778813303256,0.19392343219247665
78596,82,0.5355349239990268,0.48930104594991297
78597,61,0.10299299791377757,0.053286314029675985
78602,38,0.16397283314043207,0.03154866336370918
78605,24,0.20881017556471498,0.05136087221059676
78606,15,0.09202140232293667,0.04653318011655175
78609,12,0.04860089947608496,0.011126841912439286
78610,28,0.8376384081286314,0.6574845754609222
78611,37,0.1594555392989717,0.010222530906987728
78612,47,0.31218964637668434,0.07183749310276862
78613,28,1.382459140619182,1.7286253204313213
78615,9,0.23583660826628822,0.24783525059503791
78616,36,0.15022494842914283,0.0756731836849028
78617,38,0.7788751449283053,0.6515565774644803
78619,0,0.27620912919881646,0.23603192749535784
78620,52,0.1041170095802632,0.0727549342233218
78621,34,0.365632331384152,0.0885068337316085
78623,89,0.17262560803404428,0.6604000451077305
78624,42,0.2926110878815596,0.41453169431505893
78626,14,1.1603275496546348,1.8210439374114076
78628,24,1.1438798104764578,1.8767752527380277
78629,33,0.2687716299166618,0.385730245360287
78631,248,0.08696999354660959,0.039849522096465514
78632,0,0.11089145810371812,0.16818912725937032
78633,26,0.3838130511154246,0.05909369244518126
78634,48,1.170761003686998,1.5815586953202598
78636,20,0.3983054378961657,0.6687752195556749
78638,26,0.3073350535925635,0.5555351508071821
78639,36,0.16204752459792013,0.011126841912439286
78640,37,0.6915673768083034,0.9341319329725801
78641,26,0.9144653746011193,1.2039814527567119
78642,17,0.39677870851075314,0.24399341459028714
78643,12,0.03359097939968114,0.06106516811469655
78644,38,0.401993009957349,0.320040243597327
78645,20,0.2368685381399863,0.3565068911351869
78648,21,0.3214272879491218,0.47135073523255316
78650,46,0.12724796106859268,0.10090248283740456
78652,34,0.7636166375858794,0.7249110983874864
78653,32,0.9813555001470936,0.7785310948827453
78654,42,0.6112036305416432,0.9154116561923205
78655,22,0.42028439384516125,0.9725075043672179
78656,27,0.35850426837396765,0.46790889560449467
78657,15,0.523044117466967,1.2833343662949346
78659,59,0.08824744467493656,0.04317901938100959
78660,29,1.3556915563258927,1.564410250272098
78662,35,0.03948615186654995,0.060492539087515465
78664,34,1.5452101213837868,1.79819342536974
78665,29,1.4769681927488536,2.401676146153476
78666,26,0.7645211942754504,1.2631869154754796
78669,46,0.39534731211421664,0.4727359713828087
78672,0,0.001966400915896119,0.0
78676,23,0.14772292258961223,0.07473699489925728
78681,31,1.5579635155885048,2.014385817143174
78701,11,1.649652612764966,1.472497024954806
78702,39,1.5628022061861921,1.4480285681587133
78703,53,1.6956210715074391,1.468330006988942
78704,48,1.4879825738136412,1.4404925067633574
78705,46,1.6515045974773042,1.4336501171074805
78717,22,1.3732664466103468,1.819313393633028
78719,6,0.7149688776838422,0.5428356025846656
78721,42,1.4500210614388755,1.4927102192184745
78722,18,1.679874532400668,1.4703382222597403
78723,44,1.585050984284888,1.5702103610412244
78724,35,1.3777484511749731,1.2226630444766853
78725,32,0.9521265634983966,1.183254358085214
78726,53,1.1984625032111746,1.3196491961029357
78727,34,1.7089775579320736,1.7750877536116931
78728,36,1.687252541141656,1.9670020264318149
78729,32,1.4487724742777623,1.2519723295168255
78730,44,0.9488859481628569,0.9682922165702817
78731,36,1.586530805977263,1.253000666973193
78732,36,0.7648435126013974,0.5912141621068928
78733,67,0.9663417786528783,0.6997972931597464
78734,13,0.6020200463038631,0.3498341423275032
78735,56,1.102831707817972,0.9311221242804981
78736,48,0.9201952779897423,0.7169850821197763
78737,52,0.5748070819717513,0.2969644303363872
78738,13,0.5131915126879723,0.27470240805631496
78739,42,0.9892906615486307,0.7062300440504293
78741,44,1.396244253035308,1.3367959201243582
78744,42,1.242044471541748,1.0707705938901386
78745,46,1.2067079562171226,1.0659777524584348
78746,40,1.243887001773183,1.1472776323152913
78747,51,0.9827415041543115,0.9951246728905888
78748,44,0.9811603974922656,0.982974167794576
78749,40,1.112619484324166,0.9154134477091622
78750,46,1.3345472077973661,1.3266688460840508
78751,46,1.6820033793218572,1.5023092523019927
78752,52,1.7662690965157208,1.6340300686888134
78753,40,1.8386556452593859,1.9393594350316707
78754,34,1.3842349515681738,1.438439844069344
78756,48,1.6155948443167238,1.5141922829790913
78757,52,1.6668605729241628,1.5041926161531016
78758,38,1.6580588687343463,1.560713265521319
78759,38,1.6233776520096783,1.560713265521319
78801,36,0.2620090530601041,0.4036594565833675
78827,128,0.147636692645246,0.1678714355363449
78829,0,0.04277408831197154,0.013058485939460851
78832,35,0.34511137008692705,0.053875574899868314
78833,50,0.011729076311417798,0.01914170397432353
78834,63,0.17787601231488154,0.16189949602811843
78839,74,0.1359962409649381,0.11611878628080909
78840,49,1.8222296807686547,2.0295782591439853
78850,165,0.04997697192526477,0.05106310137092657
78852,50,0.42600829225436043,0.49027736197011296
78861,109,0.07011370708235154,0.061946562603427735
78870,0,0.2059775788117252,0.3029653065465733
78872,117,0.1586324632065317,0.14323884855150792
78873,124,0.0016285233994576909,0.0
78877,0,0.30006661232424753,0.18918890159525667
78880,7,7.419902922738128e-05,0.0
78881,121,0.11120212398464728,0.10009214031478296
78884,0,0.0027105689208555255,0.0
78933,18,0.05800778628105263,0.1147744941153208
78934,28,0.17551709734910365,0.2428546657243287
78935,12,0.12988323930293635,0.14185074434720762
78940,69,0.11880070615776087,0.013226269140447265
78941,30,0.08833823263223113,0.020784951456247123
78942,39,0.18245324269328586,0.3356580405401697
78945,33,0.35411252143584443,0.7275507780680148
78946,0,0.030276806001012315,0.02484399982414733
78947,50,0.03182941223016332,0.0344772228009141
78948,44,0.10441981326108704,0.016562666549431556
78950,23,0.035865713939497716,0.016532836425559083
78953,28,0.05930715376584991,0.06170732276184504
78954,0,0.07999329960783137,0.016532836425559083
78956,27,0.27032658818103494,0.22182851131511433
78957,25,0.11227334973982195,0.01798394612038482
78959,18,0.1181929058464159,0.13872427385644887
78962,30,0.1592877732806708,0.21664433543883888
79005,40,0.2000475779416404,0.18442410827666897
79007,33,0.20664881395392515,0.1906540445593768
79009,37,0.07103463657021655,0.04635691541376115
79013,38,5.341901169224638,0.584810949635753
79014,0,0.024384774857382965,0.02387784572496287
79015,37,0.9389763387511381,0.7127425530210646
79019,37,0.19224457101137385,0.08196879224637717
79022,20,28.00665039321754,44.1123898759525
79027,41,0.16851051424594352,0.04635691541376115
79029,30,2.8722451145445342,0.637324331459856
79031,0,0.018923082165519058,0.0016202363734785868
79035,34,0.3000979226996125,0.04635691541376115
79036,38,0.15010301647687252,0.1488704398579818
79040,29,0.018833514926063475,0.002288935593721507
79041,29,0.5779591454207831,0.8891559499684261
79042,37,0.1658051861178956,0.07915677259783065
79043,36,0.07847709961393214,0.0707207136521911
79045,33,1.0009389304363623,1.8170087927710359
79057,0,0.04886750940209468,0.024920833979227845
79064,47,0.1094267636183086,0.02896150011015519
79065,23,0.3653632831779377,0.5473171023873454
79068,40,0.25521808099441956,0.056028400465333375
79070,31,0.3860473248664185,0.5011473590664137
79072,31,0.6561104449114056,1.2963664511419595
79079,37,0.004436726682196216,0.0
79081,23,0.12641268915622392,0.0012909036915088245
79083,29,0.21832330557094998,0.14093572098230256
79084,26,3.8810379586277644,1.320988724467671
79086,0,1.1997228021094033,0.4724566711454505
79088,40,0.20256438588529177,0.07915677259783065
79092,0,0.7785074069826085,0.08465505189166345
79095,37,0.28552650443466887,0.15000315132670858
79096,0,0.02019459640552089,0.024920833979227845
79097,40,0.2586910448047913,0.17440731121007239
79101,37,1.5032409627466978,1.3236895098816945
79102,38,1.5431557995189231,1.826070041497802
79103,45,1.3637419682542624,1.347691821172444
79104,38,1.365560234690131,1.347691821172444
79106,34,1.6520519879358901,1.826070041497802
79107,40,1.392931572210241,1.347691821172444
79108,38,1.2790623743550427,1.347691821172444
79109,37,1.5493193931179652,1.826070041497802
79110,37,1.373905387881942,1.3236895098816945
79111,37,0.7739984754407203,0.7357674923067663
79118,39,1.0106142263653133,0.5573646764624726
79119,37,1.5155173587228552,1.2046778213251315
79121,38,1.6668576331381864,1.826070041497802
79124,37,1.5484780354035415,1.850933757634466
79201,44,2.5826171807435196,3.4357864661022295
79226,38,0.012266157344180394,0.0
79227,38,0.06160742564067509,0.1355475496955836
79235,49,0.04531167027380093,0.0707207136521911
79241,55,0.1627473057375271,0.0707207136521911
79245,37,0.5125242751748137,0.15000315132670858
79248,32,0.1453827955662908,0.15000315132670858
79250,0,0.0900310713282424,0.06282991776565977
79252,39,0.9312921113065237,0.1427753505111461
79257,0,0.0009802858863951457,0.0
79311,55,0.7472950424846212,0.5252926256080297
79313,42,0.584041715332205,0.47261917422123095
79316,59,0.31322681658669094,0.3118778736254907
79322,62,0.0869806839947374,0.06151478511790455
79323,20,0.7281657263667516,1.2159444249775042
79325,64,0.012387028985001223,0.00991943586820708
79329,62,0.7763332372124389,0.5252926256080297
79331,26,0.7536057913351043,1.0572175001302695
79336,35,0.44427591398402716,0.7182234707093792
79339,53,0.24823464902812467,0.2876775155851678
79343,52,0.48680574843035435,0.5521684283202384
79346,51,0.016876195881768162,0.01923440570002767
79347,53,0.023612129175733108,0.0006761743431150676
79351,0,0.3294103749811598,0.33616206444047214
79355,34,0.1973413457204901,0.03345368295297682
79356,64,0.08462486135187182,0.05272695867248961
79357,61,0.21570367771634774,0.06151478511790455
79359,21,0.5326100614216259,0.34041434610625787
79360,33,0.7351791937377671,0.48339645310553525
79363,69,1.0698271912517765,0.99306899414706
79364,62,0.640845399777246,0.5428600872127151
79370,61,4.531320851985397e-05,0.0
79371,0,0.05010822061405412,0.0725446140203509
79372,0,0.14645016323511087,0.48763416734998627
79373,58,0.20000262423799953,0.05518409331132996
79381,0,0.40955574910650827,0.5662281780139637
79382,65,1.1163485354106566,1.0019744258208032
79401,62,1.333653188966751,1.3701705198103868
79403,58,1.0684649083856366,0.99306899414706
79404,56,1.1337630111146368,0.99306899414706
79407,60,1.212847240963115,1.2593385501053398
79410,62,1.3317208139567935,1.3701705198103868
79411,63,1.3214210491668452,1.3701705198103868
79412,61,1.2385518281895505,1.4801712077124494
79413,63,1.283503139366854,1.4801712077124494
79414,58,1.2892453079048778,1.4801712077124494
79415,62,1.330459708261976,1.3701705198103868
79416,59,1.3073491958163195,1.3701705198103868
79423,54,0.9860982888950411,1.0019744258208032
79424,53,1.1228144659722967,1.0019744258208032
79501,5,0.9072747571241303,0.2842755256058919
79502,0,0.00020006489610151308,0.0
79504,5,1.0641720537782742,0.28594341952009106
79508,7,2.893567383180768,3.8948184261184475
79510,2,1.4320665297812833,1.6805748327224446
79511,53,0.8531003642882982,1.1208392357030812
79512,1,1.3232349565855526,16.31754660880652
79520,0,0.06366577960210394,0.07317088360219776
79521,6,0.03674784664191112,0.004046695679495514
79525,5,1.7020905425045356,1.401710713929306
79526,37,0.5049723163845355,0.05278553817126633
79529,38,0.05437851251030817,0.04836764835968447
79532,0,1.4305905965917,8.69813935827796
79536,3,2.081424105607194,1.7030883427282373
79541,0,1.91519422173253,2.4304395953358733
79543,3,0.4039878905447137,0.3301190799917291
79545,0,1.6534260464154278,4.082220062092296
79546,0,0.17808425460266367,0.09263233739152589
79547,0,0.005023681929140046,0.0
79549,45,0.2858746973134484,0.0397657782781624
79553,1,0.1018979595147629,0.0359945032660306
79556,10,1.6577070611146292,3.5261090229798953
79561,7,2.0201886036580072,1.9478530608959086
79562,14,2.276562879707327,2.4304395953358733
79563,14,2.9418411022573263,3.1299634091863524
79567,0,0.3669658871726439,0.024675981682410524
79601,10,2.7184008480023056,2.939343789889321
79602,2,3.61906695054249,3.1299634091863524
79603,2,3.341902939559225,2.939343789889321
79605,7,3.7055093500693275,2.8687995389319774
79606,10,3.688557029281826,4.6666775501797355
79607,14,3.102960320911674,3.1299634091863524
79701,47,2.2803808517652406,1.8992838196436177
79703,49,2.506391043380657,1.8992838196436177
79705,41,1.9479672072846836,2.029249835936811
79706,46,1.9486303333186579,2.045241480785981
79707,44,2.180033426517161,1.8992838196436177
79714,17,1.5177164826093066,3.396936110881686
79720,13,1.4771896165294163,2.819841083700901
79731,27,0.32647232520911207,0.13097833087484245
79734,26,0.6631867373739619,0.33555259653794944
79735,23,1.34428936427952,1.3358862144420132
79744,0,0.004934420589266969,0.0
79745,31,0.10915389533885234,0.11992074927354038
79752,39,0.0606475405622453,0.05832351455983842
79756,25,0.742447961879011,0.78493689232847
79758,25,1.6739189584360192,1.3194377412876748
79761,30,3.2123668559177068,3.307733994383642
79762,31,3.1628363199607037,3.307733994383642
79763,35,2.6595536323963436,3.2352638721153704
79764,31,2.7407498331418845,3.2352638721153704
79765,32,2.5211636433098272,2.3844551273398262
79766,24,2.365658359879556,2.5224383973501627
79772,29,0.03352743964304794,0.037831600910692965
79778,45,0.0063367993894642635,0.0
79782,45,1.3698439666766098,0.5285808309909553
79821,27,0.6434335483590236,0.8439705170788769
79830,23,2.6394114201212644,3.0119840213049267
79835,35,0.895568014896093,1.1032588788766724
79836,50,0.6410796766732038,0.7962027835793993
79838,31,0.38578149186956756,0.04824116344281139
79839,20,0.01653654619775851,0.0723989169638605
79843,0,0.08090722123915534,0.33555259653794944
79845,21,9.438606426512523e-06,0.0
79849,35,0.6071031727348272,0.7962027835793993
79851,0,0.0001085771727282862,0.0
79853,39,0.14527678309376185,0.09420771636954746
79855,6,6.488055109051408e-07,0.0
79901,31,1.8974102651692961,1.8011253676061265
79902,25,1.776962111178909,1.5627374552794242
79903,40,1.8739389357634808,1.954726361284954
79904,32,1.6961745140807925,1.3300900386855443
79905,36,1.860271556876326,1.8931639343792508
79906,35,1.6349189348634163,1.6360087859650116
79907,30,1.3611434819489934,1.2842796297675925
79908,0,1.5349205603715737,1.4079342320747228
79911,36,1.0958373619117525,1.069805195632867
79912,30,1.413814725110881,1.3703970902306726
79915,19,1.676339660012216,1.6990485045479142
79922,29,1.4063457678899445,1.3521337632128674
79924,36,1.3958745342747592,1.4926759281471158
79925,21,1.7022096040854566,1.6990485045479142
79927,42,1.1241316820007288,1.005287110130604
79928,40,0.8498726503482145,1.085330233201143
79930,30,1.8127492163148946,1.878549844431051
79932,30,1.234839797759154,1.2886098724123392
79934,32,1.1745395134119043,0.7784083648834818
79935,23,1.605163982242301,1.4894984633771804
79936,37,1.403384184081532,1.5179345623297895
79938,49,1.2031959233622245,1.3099972193037348
